Shortcut;State;Date; Average Temperature;Difference from 1901-2000
WY;Wyoming;1991;41.5;0.7
WY;Wyoming;1992;42.7;1.9
WY;Wyoming;1993;38.8;-2.0
WY;Wyoming;1994;42.5;1.7
WY;Wyoming;1995;41.3;0.5
WY;Wyoming;1996;41.5;0.7
WY;Wyoming;1997;41.2;0.4
WY;Wyoming;1998;42.1;1.3
WY;Wyoming;1999;42.2;1.4
WY;Wyoming;2000;44.8;4.0
WY;Wyoming;2001;41.8;1.0
WY;Wyoming;2002;41.9;1.1
WY;Wyoming;2003;42.7;1.9
WY;Wyoming;2004;42.1;1.3
WY;Wyoming;2005;43.0;2.2
WY;Wyoming;2006;43.4;2.6
WY;Wyoming;2007;43.3;2.5
WY;Wyoming;2008;40.5;-0.3
WY;Wyoming;2009;42.1;1.3
WY;Wyoming;2010;40.6;-0.2
WY;Wyoming;2011;41.5;0.7
WY;Wyoming;2012;44.4;3.6
WY;Wyoming;2013;42.5;1.7
WY;Wyoming;2014;41.3;0.5
WY;Wyoming;2015;44.1;3.3
WY;Wyoming;2016;43.8;3.0
WY;Wyoming;2017;43.3;2.5
WY;Wyoming;2018;43.1;2.3
WY;Wyoming;2019;40.6;-0.2
WY;Wyoming;2020;41.8;1.0
WI;Wisconsin;1991;44.3;1.9
WI;Wisconsin;1992;42.4;0.0
WI;Wisconsin;1993;41.8;-0.6
WI;Wisconsin;1994;41.7;-0.7
WI;Wisconsin;1995;44.8;2.4
WI;Wisconsin;1996;40.3;-2.1
WI;Wisconsin;1997;41.6;-0.8
WI;Wisconsin;1998;46.6;4.2
WI;Wisconsin;1999;45.7;3.3
WI;Wisconsin;2000;45.2;2.8
WI;Wisconsin;2001;43.2;0.8
WI;Wisconsin;2002;46.2;3.8
WI;Wisconsin;2003;42.6;0.2
WI;Wisconsin;2004;43.4;1.0
WI;Wisconsin;2005;45.3;2.9
WI;Wisconsin;2006;45.7;3.3
WI;Wisconsin;2007;45.1;2.7
WI;Wisconsin;2008;42.6;0.2
WI;Wisconsin;2009;41.7;-0.7
WI;Wisconsin;2010;45.4;3.0
WI;Wisconsin;2011;43.2;0.8
WI;Wisconsin;2012;48.0;5.6
WI;Wisconsin;2013;43.0;0.6
WI;Wisconsin;2014;39.7;-2.7
WI;Wisconsin;2015;42.8;0.4
WI;Wisconsin;2016;46.8;4.4
WI;Wisconsin;2017;45.8;3.4
WI;Wisconsin;2018;43.4;1.0
WI;Wisconsin;2019;42.1;-0.3
WI;Wisconsin;2020;44.2;1.8
WA;Washington;1991;46.2;0.1
WA;Washington;1992;49.2;3.1
WA;Washington;1993;45.4;-0.7
WA;Washington;1994;48.2;2.1
WA;Washington;1995;47.0;0.9
WA;Washington;1996;46.3;0.2
WA;Washington;1997;46.4;0.3
WA;Washington;1998;48.7;2.6
WA;Washington;1999;46.5;0.4
WA;Washington;2000;47.3;1.2
WA;Washington;2001;46.2;0.1
WA;Washington;2002;46.8;0.7
WA;Washington;2003;48.5;2.4
WA;Washington;2004;47.9;1.8
WA;Washington;2005;48.0;1.9
WA;Washington;2006;47.5;1.4
WA;Washington;2007;46.9;0.8
WA;Washington;2008;45.7;-0.4
WA;Washington;2009;46.7;0.6
WA;Washington;2010;46.5;0.4
WA;Washington;2011;45.7;-0.4
WA;Washington;2012;46.6;0.5
WA;Washington;2013;47.8;1.7
WA;Washington;2014;47.4;1.3
WA;Washington;2015;50.1;4.0
WA;Washington;2016;48.9;2.8
WA;Washington;2017;47.0;0.9
WA;Washington;2018;47.6;1.5
WA;Washington;2019;47.0;0.9
WA;Washington;2020;47.6;1.5
VA;Virginia;1991;57.6;2.8
VA;Virginia;1992;54.9;0.1
VA;Virginia;1993;55.1;0.3
VA;Virginia;1994;54.4;-0.4
VA;Virginia;1995;56.1;1.3
VA;Virginia;1996;53.7;-1.1
VA;Virginia;1997;54.5;-0.3
VA;Virginia;1998;56.6;1.8
VA;Virginia;1999;56.4;1.6
VA;Virginia;2000;56.1;1.3
VA;Virginia;2001;54.3;-0.5
VA;Virginia;2002;57.5;2.7
VA;Virginia;2003;54.5;-0.3
VA;Virginia;2004;55.8;1.0
VA;Virginia;2005;56.2;1.4
VA;Virginia;2006;56.2;1.4
VA;Virginia;2007;56.4;1.6
VA;Virginia;2008;56.6;1.8
VA;Virginia;2009;55.0;0.2
VA;Virginia;2010;56.4;1.6
VA;Virginia;2011;55.9;1.1
VA;Virginia;2012;58.0;3.2
VA;Virginia;2013;55.1;0.3
VA;Virginia;2014;54.5;-0.3
VA;Virginia;2015;55.2;0.4
VA;Virginia;2016;57.9;3.1
VA;Virginia;2017;57.6;2.8
VA;Virginia;2018;56.7;1.9
VA;Virginia;2019;57.3;2.5
VA;Virginia;2020;57.2;2.4
VT;Vermont;1991;44.1;2.8
VT;Vermont;1992;41.1;-0.2
VT;Vermont;1993;41.2;-0.1
VT;Vermont;1994;40.4;-0.9
VT;Vermont;1995;43.3;2.0
VT;Vermont;1996;41.5;0.2
VT;Vermont;1997;41.5;0.2
VT;Vermont;1998;44.1;2.8
VT;Vermont;1999;44.5;3.2
VT;Vermont;2000;42.8;1.5
VT;Vermont;2001;42.2;0.9
VT;Vermont;2002;45.2;3.9
VT;Vermont;2003;41.0;-0.3
VT;Vermont;2004;41.9;0.6
VT;Vermont;2005;43.0;1.7
VT;Vermont;2006;44.3;3.0
VT;Vermont;2007;43.0;1.7
VT;Vermont;2008;43.3;2.0
VT;Vermont;2009;42.1;0.8
VT;Vermont;2010;45.1;3.8
VT;Vermont;2011;43.1;1.8
VT;Vermont;2012;46.4;5.1
VT;Vermont;2013;44.0;2.7
VT;Vermont;2014;41.2;-0.1
VT;Vermont;2015;41.9;0.6
VT;Vermont;2016;45.5;4.2
VT;Vermont;2017;44.2;2.9
VT;Vermont;2018;43.8;2.5
VT;Vermont;2019;41.7;0.4
VT;Vermont;2020;43.9;2.6
UT;Utah;1991;47.0;-0.6
UT;Utah;1992;49.4;1.8
UT;Utah;1993;46.9;-0.7
UT;Utah;1994;49.7;2.1
UT;Utah;1995;47.9;0.3
UT;Utah;1996;50.2;2.6
UT;Utah;1997;48.5;0.9
UT;Utah;1998;48.2;0.6
UT;Utah;1999;48.3;0.7
UT;Utah;2000;51.4;3.8
UT;Utah;2001;49.4;1.8
UT;Utah;2002;49.2;1.6
UT;Utah;2003;50.0;2.4
UT;Utah;2004;49.1;1.5
UT;Utah;2005;49.0;1.4
UT;Utah;2006;49.6;2.0
UT;Utah;2007;49.8;2.2
UT;Utah;2008;47.8;0.2
UT;Utah;2009;49.4;1.8
UT;Utah;2010;47.3;-0.3
UT;Utah;2011;48.1;0.5
UT;Utah;2012;50.4;2.8
UT;Utah;2013;48.8;1.2
UT;Utah;2014;49.2;1.6
UT;Utah;2015;51.3;3.7
UT;Utah;2016;49.7;2.1
UT;Utah;2017;50.7;3.1
UT;Utah;2018;51.4;3.8
UT;Utah;2019;47.8;0.2
UT;Utah;2020;49.5;1.9
TX;Texas;1991;64.9;0.2
TX;Texas;1992;64.3;-0.4
TX;Texas;1993;64.4;-0.3
TX;Texas;1994;64.7;0.0
TX;Texas;1995;65.6;0.9
TX;Texas;1996;65.4;0.7
TX;Texas;1997;64.6;-0.1
TX;Texas;1998;66.0;1.3
TX;Texas;1999;66.7;2.0
TX;Texas;2000;67.6;2.9
TX;Texas;2001;64.6;-0.1
TX;Texas;2002;65.7;1.0
TX;Texas;2003;64.8;0.1
TX;Texas;2004;65.4;0.7
TX;Texas;2005;66.0;1.3
TX;Texas;2006;67.1;2.4
TX;Texas;2007;64.6;-0.1
TX;Texas;2008;66.0;1.3
TX;Texas;2009;66.2;1.5
TX;Texas;2010;64.4;-0.3
TX;Texas;2011;67.6;2.9
TX;Texas;2012;67.3;2.6
TX;Texas;2013;66.1;1.4
TX;Texas;2014;64.2;-0.5
TX;Texas;2015;65.3;0.6
TX;Texas;2016;66.9;2.2
TX;Texas;2017;67.9;3.2
TX;Texas;2018;66.8;2.1
TX;Texas;2019;65.6;0.9
TX;Texas;2020;66.3;1.6
TN;Tennessee;1991;59.4;1.7
TN;Tennessee;1992;57.4;-0.3
TN;Tennessee;1993;57.3;-0.4
TN;Tennessee;1994;56.5;-1.2
TN;Tennessee;1995;58.8;1.1
TN;Tennessee;1996;56.0;-1.7
TN;Tennessee;1997;57.3;-0.4
TN;Tennessee;1998;58.9;1.2
TN;Tennessee;1999;59.5;1.8
TN;Tennessee;2000;59.2;1.5
TN;Tennessee;2001;57.0;-0.7
TN;Tennessee;2002;59.4;1.7
TN;Tennessee;2003;57.1;-0.6
TN;Tennessee;2004;58.1;0.4
TN;Tennessee;2005;59.4;1.7
TN;Tennessee;2006;58.8;1.1
TN;Tennessee;2007;59.3;1.6
TN;Tennessee;2008;58.7;1.0
TN;Tennessee;2009;57.5;-0.2
TN;Tennessee;2010;58.2;0.5
TN;Tennessee;2011;58.2;0.5
TN;Tennessee;2012;60.5;2.8
TN;Tennessee;2013;57.4;-0.3
TN;Tennessee;2014;56.6;-1.1
TN;Tennessee;2015;57.4;-0.3
TN;Tennessee;2016;60.8;3.1
TN;Tennessee;2017;60.6;2.9
TN;Tennessee;2018;59.2;1.5
TN;Tennessee;2019;59.6;1.9
TN;Tennessee;2020;59.2;1.5
SD;South Dakota;1991;46.7;2.1
SD;South Dakota;1992;46.0;1.4
SD;South Dakota;1993;42.0;-2.6
SD;South Dakota;1994;44.1;-0.5
SD;South Dakota;1995;45.4;0.8
SD;South Dakota;1996;43.1;-1.5
SD;South Dakota;1997;42.5;-2.1
SD;South Dakota;1998;47.2;2.6
SD;South Dakota;1999;47.0;2.4
SD;South Dakota;2000;48.8;4.2
SD;South Dakota;2001;44.2;-0.4
SD;South Dakota;2002;47.2;2.6
SD;South Dakota;2003;45.7;1.1
SD;South Dakota;2004;45.8;1.2
SD;South Dakota;2005;47.9;3.3
SD;South Dakota;2006;48.2;3.6
SD;South Dakota;2007;46.8;2.2
SD;South Dakota;2008;44.6;0.0
SD;South Dakota;2009;43.8;-0.8
SD;South Dakota;2010;44.4;-0.2
SD;South Dakota;2011;43.8;-0.8
SD;South Dakota;2012;50.1;5.5
SD;South Dakota;2013;45.0;0.4
SD;South Dakota;2014;42.8;-1.8
SD;South Dakota;2015;46.5;1.9
SD;South Dakota;2016;48.6;4.0
SD;South Dakota;2017;47.2;2.6
SD;South Dakota;2018;44.7;0.1
SD;South Dakota;2019;42.6;-2.0
SD;South Dakota;2020;45.6;1.0
SC;South Carolina;1991;64.4;2.0
SC;South Carolina;1992;62.3;-0.1
SC;South Carolina;1993;62.5;0.1
SC;South Carolina;1994;62.1;-0.3
SC;South Carolina;1995;63.4;1.0
SC;South Carolina;1996;61.6;-0.8
SC;South Carolina;1997;62.3;-0.1
SC;South Carolina;1998;63.4;1.0
SC;South Carolina;1999;64.0;1.6
SC;South Carolina;2000;63.4;1.0
SC;South Carolina;2001;61.7;-0.7
SC;South Carolina;2002;64.5;2.1
SC;South Carolina;2003;62.2;-0.2
SC;South Carolina;2004;62.9;0.5
SC;South Carolina;2005;63.3;0.9
SC;South Carolina;2006;63.5;1.1
SC;South Carolina;2007;63.7;1.3
SC;South Carolina;2008;63.9;1.5
SC;South Carolina;2009;62.7;0.3
SC;South Carolina;2010;63.1;0.7
SC;South Carolina;2011;63.2;0.8
SC;South Carolina;2012;64.6;2.2
SC;South Carolina;2013;62.4;0.0
SC;South Carolina;2014;62.4;0.0
SC;South Carolina;2015;63.1;0.7
SC;South Carolina;2016;65.6;3.2
SC;South Carolina;2017;65.3;2.9
SC;South Carolina;2018;64.3;1.9
SC;South Carolina;2019;64.8;2.4
SC;South Carolina;2020;64.5;2.1
RI;Rhode Island;1991;52.0;3.4
RI;Rhode Island;1992;49.1;0.5
RI;Rhode Island;1993;49.2;0.6
RI;Rhode Island;1994;48.7;0.1
RI;Rhode Island;1995;50.8;2.2
RI;Rhode Island;1996;48.8;0.2
RI;Rhode Island;1997;49.7;1.1
RI;Rhode Island;1998;51.3;2.7
RI;Rhode Island;1999;51.7;3.1
RI;Rhode Island;2000;50.4;1.8
RI;Rhode Island;2001;49.7;1.1
RI;Rhode Island;2002;52.4;3.8
RI;Rhode Island;2003;48.5;-0.1
RI;Rhode Island;2004;49.6;1.0
RI;Rhode Island;2005;49.9;1.3
RI;Rhode Island;2006;51.1;2.5
RI;Rhode Island;2007;51.0;2.4
RI;Rhode Island;2008;51.0;2.4
RI;Rhode Island;2009;49.6;1.0
RI;Rhode Island;2010;52.3;3.7
RI;Rhode Island;2011;50.4;1.8
RI;Rhode Island;2012;53.5;4.9
RI;Rhode Island;2013;51.1;2.5
RI;Rhode Island;2014;49.3;0.7
RI;Rhode Island;2015;49.5;0.9
RI;Rhode Island;2016;53.1;4.5
RI;Rhode Island;2017;51.6;3.0
RI;Rhode Island;2018;51.9;3.3
RI;Rhode Island;2019;50.6;2.0
RI;Rhode Island;2020;52.1;3.5
PA;Pennsylvania;1991;51.3;3.2
PA;Pennsylvania;1992;48.2;0.1
PA;Pennsylvania;1993;48.3;0.2
PA;Pennsylvania;1994;47.1;-1.0
PA;Pennsylvania;1995;49.6;1.5
PA;Pennsylvania;1996;47.2;-0.9
PA;Pennsylvania;1997;47.9;-0.2
PA;Pennsylvania;1998;51.0;2.9
PA;Pennsylvania;1999;50.2;2.1
PA;Pennsylvania;2000;49.6;1.5
PA;Pennsylvania;2001;48.2;0.1
PA;Pennsylvania;2002;51.8;3.7
PA;Pennsylvania;2003;47.4;-0.7
PA;Pennsylvania;2004;49.0;0.9
PA;Pennsylvania;2005;49.7;1.6
PA;Pennsylvania;2006;50.0;1.9
PA;Pennsylvania;2007;49.6;1.5
PA;Pennsylvania;2008;49.7;1.6
PA;Pennsylvania;2009;48.1;0.0
PA;Pennsylvania;2010;50.5;2.4
PA;Pennsylvania;2011;49.3;1.2
PA;Pennsylvania;2012;52.2;4.1
PA;Pennsylvania;2013;49.4;1.3
PA;Pennsylvania;2014;47.3;-0.8
PA;Pennsylvania;2015;48.2;0.1
PA;Pennsylvania;2016;51.9;3.8
PA;Pennsylvania;2017;50.9;2.8
PA;Pennsylvania;2018;49.8;1.7
PA;Pennsylvania;2019;49.8;1.7
PA;Pennsylvania;2020;50.6;2.5
OR;Oregon;1991;46.5;0.0
OR;Oregon;1992;50.0;3.5
OR;Oregon;1993;45.4;-1.1
OR;Oregon;1994;48.5;2.0
OR;Oregon;1995;46.9;0.4
OR;Oregon;1996;47.9;1.4
OR;Oregon;1997;47.9;1.4
OR;Oregon;1998;48.2;1.7
OR;Oregon;1999;46.2;-0.3
OR;Oregon;2000;48.5;2.0
OR;Oregon;2001;47.3;0.8
OR;Oregon;2002;47.6;1.1
OR;Oregon;2003;49.2;2.7
OR;Oregon;2004;48.4;1.9
OR;Oregon;2005;48.0;1.5
OR;Oregon;2006;47.9;1.4
OR;Oregon;2007;48.0;1.5
OR;Oregon;2008;46.3;-0.2
OR;Oregon;2009;48.1;1.6
OR;Oregon;2010;46.4;-0.1
OR;Oregon;2011;46.4;-0.1
OR;Oregon;2012;47.8;1.3
OR;Oregon;2013;48.1;1.6
OR;Oregon;2014;48.6;2.1
OR;Oregon;2015;50.7;4.2
OR;Oregon;2016;49.1;2.6
OR;Oregon;2017;48.0;1.5
OR;Oregon;2018;48.3;1.8
OR;Oregon;2019;47.4;0.9
OR;Oregon;2020;48.4;1.9
OK;Oklahoma;1991;60.3;0.6
OK;Oklahoma;1992;59.5;-0.2
OK;Oklahoma;1993;58.4;-1.3
OK;Oklahoma;1994;58.8;-0.9
OK;Oklahoma;1995;59.8;0.1
OK;Oklahoma;1996;59.1;-0.6
OK;Oklahoma;1997;58.9;-0.8
OK;Oklahoma;1998;61.2;1.5
OK;Oklahoma;1999;61.0;1.3
OK;Oklahoma;2000;62.2;2.5
OK;Oklahoma;2001;59.2;-0.5
OK;Oklahoma;2002;60.5;0.8
OK;Oklahoma;2003;58.9;-0.8
OK;Oklahoma;2004;60.1;0.4
OK;Oklahoma;2005;61.0;1.3
OK;Oklahoma;2006;62.1;2.4
OK;Oklahoma;2007;60.0;0.3
OK;Oklahoma;2008;59.9;0.2
OK;Oklahoma;2009;59.9;0.2
OK;Oklahoma;2010;59.5;-0.2
OK;Oklahoma;2011;61.7;2.0
OK;Oklahoma;2012;63.0;3.3
OK;Oklahoma;2013;59.8;0.1
OK;Oklahoma;2014;58.2;-1.5
OK;Oklahoma;2015;60.1;0.4
OK;Oklahoma;2016;62.1;2.4
OK;Oklahoma;2017;62.3;2.6
OK;Oklahoma;2018;61.0;1.3
OK;Oklahoma;2019;59.7;0.0
OK;Oklahoma;2020;60.2;0.5
OH;Ohio;1991;53.6;3.2
OH;Ohio;1992;50.6;0.2
OH;Ohio;1993;50.6;0.2
OH;Ohio;1994;49.4;-1.0
OH;Ohio;1995;51.9;1.5
OH;Ohio;1996;49.0;-1.4
OH;Ohio;1997;49.9;-0.5
OH;Ohio;1998;53.3;2.9
OH;Ohio;1999;52.6;2.2
OH;Ohio;2000;52.0;1.6
OH;Ohio;2001;50.5;0.1
OH;Ohio;2002;53.9;3.5
OH;Ohio;2003;49.6;-0.8
OH;Ohio;2004;51.3;0.9
OH;Ohio;2005;52.2;1.8
OH;Ohio;2006;52.1;1.7
OH;Ohio;2007;52.1;1.7
OH;Ohio;2008;51.6;1.2
OH;Ohio;2009;50.2;-0.2
OH;Ohio;2010;52.1;1.7
OH;Ohio;2011;51.0;0.6
OH;Ohio;2012;54.6;4.2
OH;Ohio;2013;51.2;0.8
OH;Ohio;2014;49.2;-1.2
OH;Ohio;2015;50.0;-0.4
OH;Ohio;2016;54.5;4.1
OH;Ohio;2017;53.7;3.3
OH;Ohio;2018;52.3;1.9
OH;Ohio;2019;52.1;1.7
OH;Ohio;2020;52.7;2.3
ND;North Dakota;1991;42.4;2.7
ND;North Dakota;1992;41.5;1.8
ND;North Dakota;1993;38.0;-1.7
ND;North Dakota;1994;39.0;-0.7
ND;North Dakota;1995;41.0;1.3
ND;North Dakota;1996;37.7;-2.0
ND;North Dakota;1997;37.9;-1.8
ND;North Dakota;1998;43.5;3.8
ND;North Dakota;1999;41.8;2.1
ND;North Dakota;2000;43.9;4.2
ND;North Dakota;2001;40.0;0.3
ND;North Dakota;2002;42.0;2.3
ND;North Dakota;2003;40.5;0.8
ND;North Dakota;2004;39.8;0.1
ND;North Dakota;2005;42.6;2.9
ND;North Dakota;2006;44.2;4.5
ND;North Dakota;2007;41.9;2.2
ND;North Dakota;2008;40.1;0.4
ND;North Dakota;2009;38.3;-1.4
ND;North Dakota;2010;40.6;0.9
ND;North Dakota;2011;39.2;-0.5
ND;North Dakota;2012;45.8;6.1
ND;North Dakota;2013;39.6;-0.1
ND;North Dakota;2014;38.0;-1.7
ND;North Dakota;2015;42.0;2.3
ND;North Dakota;2016;44.8;5.1
ND;North Dakota;2017;42.7;3.0
ND;North Dakota;2018;40.1;0.4
ND;North Dakota;2019;38.3;-1.4
ND;North Dakota;2020;41.2;1.5
NC;North Carolina;1991;60.9;2.4
NC;North Carolina;1992;58.6;0.1
NC;North Carolina;1993;58.8;0.3
NC;North Carolina;1994;58.2;-0.3
NC;North Carolina;1995;59.5;1.0
NC;North Carolina;1996;57.5;-1.0
NC;North Carolina;1997;58.2;-0.3
NC;North Carolina;1998;59.8;1.3
NC;North Carolina;1999;59.9;1.4
NC;North Carolina;2000;59.6;1.1
NC;North Carolina;2001;57.9;-0.6
NC;North Carolina;2002;60.8;2.3
NC;North Carolina;2003;58.4;-0.1
NC;North Carolina;2004;59.2;0.7
NC;North Carolina;2005;59.6;1.1
NC;North Carolina;2006;59.6;1.1
NC;North Carolina;2007;60.0;1.5
NC;North Carolina;2008;60.3;1.8
NC;North Carolina;2009;58.8;0.3
NC;North Carolina;2010;59.7;1.2
NC;North Carolina;2011;59.3;0.8
NC;North Carolina;2012;61.1;2.6
NC;North Carolina;2013;58.5;0.0
NC;North Carolina;2014;58.5;0.0
NC;North Carolina;2015;59.1;0.6
NC;North Carolina;2016;61.7;3.2
NC;North Carolina;2017;61.3;2.8
NC;North Carolina;2018;60.4;1.9
NC;North Carolina;2019;61.1;2.6
NC;North Carolina;2020;60.8;2.3
NY;New York;1991;47.6;3.1
NY;New York;1992;44.4;-0.1
NY;New York;1993;44.2;-0.3
NY;New York;1994;43.3;-1.2
NY;New York;1995;46.4;1.9
NY;New York;1996;44.0;-0.5
NY;New York;1997;44.6;0.1
NY;New York;1998;47.4;2.9
NY;New York;1999;47.2;2.7
NY;New York;2000;46.0;1.5
NY;New York;2001;45.1;0.6
NY;New York;2002;48.5;4.0
NY;New York;2003;43.9;-0.6
NY;New York;2004;45.2;0.7
NY;New York;2005;46.2;1.7
NY;New York;2006;46.8;2.3
NY;New York;2007;46.2;1.7
NY;New York;2008;46.4;1.9
NY;New York;2009;44.7;0.2
NY;New York;2010;47.5;3.0
NY;New York;2011;45.9;1.4
NY;New York;2012;49.4;4.9
NY;New York;2013;46.4;1.9
NY;New York;2014;44.0;-0.5
NY;New York;2015;44.6;0.1
NY;New York;2016;48.6;4.1
NY;New York;2017;47.3;2.8
NY;New York;2018;46.5;2.0
NY;New York;2019;45.2;0.7
NY;New York;2020;47.0;2.5
NM;New Mexico;1991;52.6;-0.3
NM;New Mexico;1992;52.8;-0.1
NM;New Mexico;1993;53.0;0.1
NM;New Mexico;1994;53.9;1.0
NM;New Mexico;1995;53.9;1.0
NM;New Mexico;1996;55.1;2.2
NM;New Mexico;1997;53.5;0.6
NM;New Mexico;1998;53.2;0.3
NM;New Mexico;1999;54.4;1.5
NM;New Mexico;2000;56.1;3.2
NM;New Mexico;2001;53.7;0.8
NM;New Mexico;2002;55.0;2.1
NM;New Mexico;2003;54.6;1.7
NM;New Mexico;2004;54.3;1.4
NM;New Mexico;2005;54.2;1.3
NM;New Mexico;2006;55.1;2.2
NM;New Mexico;2007;53.9;1.0
NM;New Mexico;2008;53.8;0.9
NM;New Mexico;2009;54.9;2.0
NM;New Mexico;2010;53.4;0.5
NM;New Mexico;2011;55.4;2.5
NM;New Mexico;2012;55.3;2.4
NM;New Mexico;2013;54.4;1.5
NM;New Mexico;2014;54.2;1.3
NM;New Mexico;2015;55.0;2.1
NM;New Mexico;2016;54.9;2.0
NM;New Mexico;2017;56.3;3.4
NM;New Mexico;2018;56.7;3.8
NM;New Mexico;2019;54.3;1.4
NM;New Mexico;2020;55.4;2.5
NJ;New Jersey;1991;55.0;3.6
NJ;New Jersey;1992;51.9;0.5
NJ;New Jersey;1993;52.2;0.8
NJ;New Jersey;1994;51.3;-0.1
NJ;New Jersey;1995;53.5;2.1
NJ;New Jersey;1996;51.2;-0.2
NJ;New Jersey;1997;52.0;0.6
NJ;New Jersey;1998;54.5;3.1
NJ;New Jersey;1999;54.1;2.7
NJ;New Jersey;2000;53.2;1.8
NJ;New Jersey;2001;52.1;0.7
NJ;New Jersey;2002;55.5;4.1
NJ;New Jersey;2003;51.3;-0.1
NJ;New Jersey;2004;53.1;1.7
NJ;New Jersey;2005;53.4;2.0
NJ;New Jersey;2006;54.2;2.8
NJ;New Jersey;2007;53.9;2.5
NJ;New Jersey;2008;54.2;2.8
NJ;New Jersey;2009;52.5;1.1
NJ;New Jersey;2010;55.1;3.7
NJ;New Jersey;2011;53.7;2.3
NJ;New Jersey;2012;56.4;5.0
NJ;New Jersey;2013;53.4;2.0
NJ;New Jersey;2014;51.8;0.4
NJ;New Jersey;2015;52.7;1.3
NJ;New Jersey;2016;56.0;4.6
NJ;New Jersey;2017;54.7;3.3
NJ;New Jersey;2018;54.3;2.9
NJ;New Jersey;2019;54.3;2.9
NJ;New Jersey;2020;54.8;3.4
NH;New Hampshire;1991;45.1;2.8
NH;New Hampshire;1992;42.4;0.1
NH;New Hampshire;1993;42.3;0.0
NH;New Hampshire;1994;41.8;-0.5
NH;New Hampshire;1995;44.2;1.9
NH;New Hampshire;1996;42.6;0.3
NH;New Hampshire;1997;42.6;0.3
NH;New Hampshire;1998;45.0;2.7
NH;New Hampshire;1999;45.6;3.3
NH;New Hampshire;2000;43.8;1.5
NH;New Hampshire;2001;43.2;0.9
NH;New Hampshire;2002;46.0;3.7
NH;New Hampshire;2003;41.9;-0.4
NH;New Hampshire;2004;43.1;0.8
NH;New Hampshire;2005;43.8;1.5
NH;New Hampshire;2006;44.9;2.6
NH;New Hampshire;2007;44.1;1.8
NH;New Hampshire;2008;44.0;1.7
NH;New Hampshire;2009;42.8;0.5
NH;New Hampshire;2010;46.1;3.8
NH;New Hampshire;2011;43.9;1.6
NH;New Hampshire;2012;47.0;4.7
NH;New Hampshire;2013;45.0;2.7
NH;New Hampshire;2014;42.3;0.0
NH;New Hampshire;2015;43.0;0.7
NH;New Hampshire;2016;46.5;4.2
NH;New Hampshire;2017;45.1;2.8
NH;New Hampshire;2018;45.0;2.7
NH;New Hampshire;2019;43.0;0.7
NH;New Hampshire;2020;45.1;2.8
ND;Nevada;1991;49.0;-0.5
ND;Nevada;1992;52.0;2.5
ND;Nevada;1993;48.5;-1.0
ND;Nevada;1994;51.3;1.8
ND;Nevada;1995;49.2;-0.3
ND;Nevada;1996;52.2;2.7
ND;Nevada;1997;50.9;1.4
ND;Nevada;1998;49.4;-0.1
ND;Nevada;1999;49.5;0.0
ND;Nevada;2000;52.6;3.1
ND;Nevada;2001;50.8;1.3
ND;Nevada;2002;51.1;1.6
ND;Nevada;2003;52.0;2.5
ND;Nevada;2004;51.3;1.8
ND;Nevada;2005;50.1;0.6
ND;Nevada;2006;51.3;1.8
ND;Nevada;2007;51.5;2.0
ND;Nevada;2008;50.0;0.5
ND;Nevada;2009;51.4;1.9
ND;Nevada;2010;49.1;-0.4
ND;Nevada;2011;50.0;0.5
ND;Nevada;2012;51.8;2.3
ND;Nevada;2013;51.3;1.8
ND;Nevada;2014;51.8;2.3
ND;Nevada;2015;53.7;4.2
ND;Nevada;2016;51.6;2.1
ND;Nevada;2017;52.0;2.5
ND;Nevada;2018;52.7;3.2
ND;Nevada;2019;50.0;0.5
ND;Nevada;2020;51.8;2.3
NE;Nebraska;1991;50.2;1.8
NE;Nebraska;1992;49.4;1.0
NE;Nebraska;1993;45.6;-2.8
NE;Nebraska;1994;48.6;0.2
NE;Nebraska;1995;49.0;0.6
NE;Nebraska;1996;47.4;-1.0
NE;Nebraska;1997;47.6;-0.8
NE;Nebraska;1998;50.1;1.7
NE;Nebraska;1999;50.4;2.0
NE;Nebraska;2000;52.4;4.0
NE;Nebraska;2001;48.2;-0.2
NE;Nebraska;2002;51.0;2.6
NE;Nebraska;2003;49.2;0.8
NE;Nebraska;2004;49.6;1.2
NE;Nebraska;2005;51.0;2.6
NE;Nebraska;2006;51.3;2.9
NE;Nebraska;2007;50.0;1.6
NE;Nebraska;2008;48.1;-0.3
NE;Nebraska;2009;48.2;-0.2
NE;Nebraska;2010;48.2;-0.2
NE;Nebraska;2011;48.6;0.2
NE;Nebraska;2012;53.0;4.6
NE;Nebraska;2013;49.1;0.7
NE;Nebraska;2014;47.5;-0.9
NE;Nebraska;2015;49.9;1.5
NE;Nebraska;2016;51.7;3.3
NE;Nebraska;2017;51.2;2.8
NE;Nebraska;2018;49.0;0.6
NE;Nebraska;2019;47.4;-1.0
NE;Nebraska;2020;49.7;1.3
MT;Montana;1991;42.5;1.4
MT;Montana;1992;43.9;2.8
MT;Montana;1993;39.2;-1.9
MT;Montana;1994;42.8;1.7
MT;Montana;1995;41.8;0.7
MT;Montana;1996;40.4;-0.7
MT;Montana;1997;40.5;-0.6
MT;Montana;1998;43.9;2.8
MT;Montana;1999;42.8;1.7
MT;Montana;2000;45.0;3.9
MT;Montana;2001;42.0;0.9
MT;Montana;2002;41.8;0.7
MT;Montana;2003;43.4;2.3
MT;Montana;2004;42.2;1.1
MT;Montana;2005;43.5;2.4
MT;Montana;2006;44.6;3.5
MT;Montana;2007;43.9;2.8
MT;Montana;2008;41.7;0.6
MT;Montana;2009;42.0;0.9
MT;Montana;2010;40.8;-0.3
MT;Montana;2011;40.8;-0.3
MT;Montana;2012;45.1;4.0
MT;Montana;2013;43.0;1.9
MT;Montana;2014;41.0;-0.1
MT;Montana;2015;44.6;3.5
MT;Montana;2016;45.0;3.9
MT;Montana;2017;43.4;2.3
MT;Montana;2018;41.1;0.0
MT;Montana;2019;40.4;-0.7
MT;Montana;2020;42.4;1.3
MO;Missouri;1991;56.4;1.9
MO;Missouri;1992;54.6;0.1
MO;Missouri;1993;53.2;-1.3
MO;Missouri;1994;53.4;-1.1
MO;Missouri;1995;55.3;0.8
MO;Missouri;1996;53.1;-1.4
MO;Missouri;1997;53.4;-1.1
MO;Missouri;1998;56.2;1.7
MO;Missouri;1999;56.2;1.7
MO;Missouri;2000;57.2;2.7
MO;Missouri;2001;53.8;-0.7
MO;Missouri;2002;56.5;2.0
MO;Missouri;2003;53.8;-0.7
MO;Missouri;2004;54.9;0.4
MO;Missouri;2005;56.7;2.2
MO;Missouri;2006;56.5;2.0
MO;Missouri;2007;56.2;1.7
MO;Missouri;2008;54.1;-0.4
MO;Missouri;2009;53.9;-0.6
MO;Missouri;2010;54.9;0.4
MO;Missouri;2011;55.0;0.5
MO;Missouri;2012;58.9;4.4
MO;Missouri;2013;54.5;0.0
MO;Missouri;2014;52.5;-2.0
MO;Missouri;2015;54.4;-0.1
MO;Missouri;2016;57.7;3.2
MO;Missouri;2017;57.6;3.1
MO;Missouri;2018;55.9;1.4
MO;Missouri;2019;54.8;0.3
MO;Missouri;2020;55.2;0.7
MS;Mississippi;1991;64.6;1.0
MS;Mississippi;1992;63.1;-0.5
MS;Mississippi;1993;62.9;-0.7
MS;Mississippi;1994;62.5;-1.1
MS;Mississippi;1995;64.7;1.1
MS;Mississippi;1996;62.4;-1.2
MS;Mississippi;1997;63.6;0.0
MS;Mississippi;1998;64.5;0.9
MS;Mississippi;1999;65.6;2.0
MS;Mississippi;2000;65.3;1.7
MS;Mississippi;2001;62.5;-1.1
MS;Mississippi;2002;64.4;0.8
MS;Mississippi;2003;63.0;-0.6
MS;Mississippi;2004;63.5;-0.1
MS;Mississippi;2005;65.1;1.5
MS;Mississippi;2006;64.7;1.1
MS;Mississippi;2007;64.3;0.7
MS;Mississippi;2008;64.2;0.6
MS;Mississippi;2009;63.7;0.1
MS;Mississippi;2010;63.4;-0.2
MS;Mississippi;2011;64.2;0.6
MS;Mississippi;2012;65.7;2.1
MS;Mississippi;2013;63.3;-0.3
MS;Mississippi;2014;62.1;-1.5
MS;Mississippi;2015;63.9;0.3
MS;Mississippi;2016;66.4;2.8
MS;Mississippi;2017;66.3;2.7
MS;Mississippi;2018;65.0;1.4
MS;Mississippi;2019;65.1;1.5
MS;Mississippi;2020;65.1;1.5
MN;Minnesota;1991;42.3;2.2
MN;Minnesota;1992;40.6;0.5
MN;Minnesota;1993;39.0;-1.1
MN;Minnesota;1994;39.3;-0.8
MN;Minnesota;1995;42.4;2.3
MN;Minnesota;1996;37.9;-2.2
MN;Minnesota;1997;38.8;-1.3
MN;Minnesota;1998;44.6;4.5
MN;Minnesota;1999;43.3;3.2
MN;Minnesota;2000;43.8;3.7
MN;Minnesota;2001;40.7;0.6
MN;Minnesota;2002;43.8;3.7
MN;Minnesota;2003;40.9;0.8
MN;Minnesota;2004;41.0;0.9
MN;Minnesota;2005;43.2;3.1
MN;Minnesota;2006;44.3;4.2
MN;Minnesota;2007;42.9;2.8
MN;Minnesota;2008;40.1;0.0
MN;Minnesota;2009;39.6;-0.5
MN;Minnesota;2010;42.7;2.6
MN;Minnesota;2011;40.8;0.7
MN;Minnesota;2012;46.4;6.3
MN;Minnesota;2013;40.4;0.3
MN;Minnesota;2014;37.8;-2.3
MN;Minnesota;2015;41.7;1.6
MN;Minnesota;2016;45.0;4.9
MN;Minnesota;2017;44.0;3.9
MN;Minnesota;2018;40.9;0.8
MN;Minnesota;2019;39.2;-0.9
MN;Minnesota;2020;41.7;1.6
MI;Michigan;1991;46.2;2.6
MI;Michigan;1992;43.4;-0.2
MI;Michigan;1993;43.4;-0.2
MI;Michigan;1994;42.6;-1.0
MI;Michigan;1995;45.9;2.3
MI;Michigan;1996;42.0;-1.6
MI;Michigan;1997;43.1;-0.5
MI;Michigan;1998;47.4;3.8
MI;Michigan;1999;46.8;3.2
MI;Michigan;2000;46.0;2.4
MI;Michigan;2001;45.1;1.5
MI;Michigan;2002;47.3;3.7
MI;Michigan;2003;43.2;-0.4
MI;Michigan;2004;44.8;1.2
MI;Michigan;2005;46.0;2.4
MI;Michigan;2006;46.7;3.1
MI;Michigan;2007;46.2;2.6
MI;Michigan;2008;44.9;1.3
MI;Michigan;2009;43.3;-0.3
MI;Michigan;2010;47.0;3.4
MI;Michigan;2011;44.9;1.3
MI;Michigan;2012;48.9;5.3
MI;Michigan;2013;45.0;1.4
MI;Michigan;2014;41.6;-2.0
MI;Michigan;2015;43.5;-0.1
MI;Michigan;2016;47.9;4.3
MI;Michigan;2017;47.2;3.6
MI;Michigan;2018;45.3;1.7
MI;Michigan;2019;43.8;0.2
MI;Michigan;2020;45.9;2.3
MA;Massachusetts;1991;50.2;3.3
MA;Massachusetts;1992;47.2;0.3
MA;Massachusetts;1993;47.1;0.2
MA;Massachusetts;1994;46.8;-0.1
MA;Massachusetts;1995;48.8;1.9
MA;Massachusetts;1996;46.9;0.0
MA;Massachusetts;1997;47.6;0.7
MA;Massachusetts;1998;49.6;2.7
MA;Massachusetts;1999;49.8;2.9
MA;Massachusetts;2000;48.5;1.6
MA;Massachusetts;2001;47.7;0.8
MA;Massachusetts;2002;50.7;3.8
MA;Massachusetts;2003;46.5;-0.4
MA;Massachusetts;2004;47.8;0.9
MA;Massachusetts;2005;48.2;1.3
MA;Massachusetts;2006;49.2;2.3
MA;Massachusetts;2007;49.1;2.2
MA;Massachusetts;2008;48.8;1.9
MA;Massachusetts;2009;47.6;0.7
MA;Massachusetts;2010;50.6;3.7
MA;Massachusetts;2011;48.5;1.6
MA;Massachusetts;2012;51.9;5.0
MA;Massachusetts;2013;49.4;2.5
MA;Massachusetts;2014;47.2;0.3
MA.;Massachusetts;2015;47.6;0.7
MA;Massachusetts;2016;51.2;4.3
MA;Massachusetts;2017;49.7;2.8
MA;Massachusetts;2018;49.8;2.9
MA;Massachusetts;2019;48.6;1.7
MA;Massachusetts;2020;50.1;3.2
MD;Maryland;1991;57.1;3.3
MD;Maryland;1992;54.0;0.2
MD;Maryland;1993;54.3;0.5
MD;Maryland;1994;53.5;-0.3
MD;Maryland;1995;55.5;1.7
MD;Maryland;1996;52.9;-0.9
MD;Maryland;1997;54.0;0.2
MD;Maryland;1998;56.3;2.5
MD;Maryland;1999;55.8;2.0
MD;Maryland;2000;55.4;1.6
MD;Maryland;2001;53.6;-0.2
MD;Maryland;2002;57.5;3.7
MD;Maryland;2003;53.4;-0.4
MD;Maryland;2004;55.2;1.4
MD;Maryland;2005;55.3;1.5
MD;Maryland;2006;55.9;2.1
MD;Maryland;2007;55.7;1.9
MD;Maryland;2008;56.0;2.2
MD;Maryland;2009;54.4;0.6
MD;Maryland;2010;56.3;2.5
MD;Maryland;2011;55.5;1.7
MD;Maryland;2012;57.9;4.1
MD;Maryland;2013;54.9;1.1
MD;Maryland;2014;53.5;-0.3
MD;Maryland;2015;54.3;0.5
MD;Maryland;2016;57.3;3.5
MD;Maryland;2017;56.9;3.1
MD;Maryland;2018;56.0;2.2
MD;Maryland;2019;56.5;2.7
MD;Maryland;2020;56.7;2.9
ME;Maine;1991;42.3;2.2
ME;Maine;1992;40.1;0.0
ME;Maine;1993;40.0;-0.1
ME;Maine;1994;39.5;-0.6
ME;Maine;1995;41.8;1.7
ME;Maine;1996;40.5;0.4
ME;Maine;1997;40.4;0.3
ME;Maine;1998;42.7;2.6
ME;Maine;1999;43.8;3.7
ME;Maine;2000;41.5;1.4
ME;Maine;2001;41.4;1.3
ME;Maine;2002;43.3;3.2
ME;Maine;2003;39.7;-0.4
ME;Maine;2004;40.9;0.8
ME;Maine;2005;41.3;1.2
ME;Maine;2006;43.3;3.2
ME;Maine;2007;41.7;1.6
ME;Maine;2008;41.6;1.5
ME;Maine;2009;40.7;0.6
ME;Maine;2010;44.5;4.4
ME;Maine;2011;42.0;1.9
ME;Maine;2012;44.4;4.3
ME;Maine;2013;42.7;2.6
ME;Maine;2014;40.4;0.3
ME;Maine;2015;40.8;0.7
ME;Maine;2016;43.8;3.7
ME;Maine;2017;42.7;2.6
ME;Maine;2018;42.6;2.5
ME;Maine;2019;40.0;-0.1
ME;Maine;2020;42.7;2.6
LA;Louisiana;1991;67.0;0.6
LA;Louisiana;1992;66.1;-0.3
LA;Louisiana;1993;65.8;-0.6
LA;Louisiana;1994;65.5;-0.9
LA;Louisiana;1995;67.5;1.1
LA;Louisiana;1996;65.6;-0.8
LA;Louisiana;1997;66.8;0.4
LA;Louisiana;1998;67.5;1.1
LA;Louisiana;1999;68.5;2.1
LA;Louisiana;2000;68.1;1.7
LA;Louisiana;2001;65.5;-0.9
LA;Louisiana;2002;67.0;0.6
LA;Louisiana;2003;66.1;-0.3
LA;Louisiana;2004;66.6;0.2
LA;Louisiana;2005;68.2;1.8
LA;Louisiana;2006;67.7;1.3
LA;Louisiana;2007;66.9;0.5
LA;Louisiana;2008;67.4;1.0
LA;Louisiana;2009;67.0;0.6
LA;Louisiana;2010;66.3;-0.1
LA;Louisiana;2011;67.6;1.2
LA;Louisiana;2012;68.6;2.2
LA;Louisiana;2013;66.6;0.2
LA;Louisiana;2014;64.9;-1.5
LA;Louisiana;2015;66.8;0.4
LA;Louisiana;2016;69.0;2.6
LA;Louisiana;2017;69.3;2.9
LA;Louisiana;2018;68.1;1.7
LA;Louisiana;2019;67.7;1.3
LA;Louisiana;2020;67.9;1.5
KY;Kentucky;1991;57.7;2.2
KY;Kentucky;1992;55.5;0.0
KY;Kentucky;1993;55.2;-0.3
KY;Kentucky;1994;54.2;-1.3
KY;Kentucky;1995;56.8;1.3
KY;Kentucky;1996;53.8;-1.7
KY;Kentucky;1997;54.8;-0.7
KY;Kentucky;1998;57.1;1.6
KY;Kentucky;1999;57.4;1.9
KY;Kentucky;2000;57.0;1.5
KY;Kentucky;2001;55.0;-0.5
KY;Kentucky;2002;57.8;2.3
KY;Kentucky;2003;54.7;-0.8
KY;Kentucky;2004;56.2;0.7
KY;Kentucky;2005;57.4;1.9
KY;Kentucky;2006;56.5;1.0
KY;Kentucky;2007;57.2;1.7
KY;Kentucky;2008;56.4;0.9
KY;Kentucky;2009;55.2;-0.3
KY;Kentucky;2010;56.4;0.9
KY;Kentucky;2011;55.9;0.4
KY;Kentucky;2012;58.8;3.3
KY;Kentucky;2013;55.3;-0.2
KY;Kentucky;2014;54.4;-1.1
KY;Kentucky;2015;54.9;-0.6
KY;Kentucky;2016;58.6;3.1
KY;Kentucky;2017;58.4;2.9
KY;Kentucky;2018;57.0;1.5
KY;Kentucky;2019;57.3;1.8
KY;Kentucky;2020;57.0;1.5
KS;Kansas;1991;55.9;1.8
KS;Kansas;1992;54.6;0.5
KS;Kansas;1993;51.6;-2.5
KS;Kansas;1994;54.1;0.0
KS;Kansas;1995;54.5;0.4
KS;Kansas;1996;53.4;-0.7
KS;Kansas;1997;53.4;-0.7
KS;Kansas;1998;55.4;1.3
KS;Kansas;1999;55.7;1.6
KS;Kansas;2000;57.5;3.4
KS;Kansas;2001;54.1;0.0
KS;Kansas;2002;56.3;2.2
KS;Kansas;2003;54.3;0.2
KS;Kansas;2004;54.9;0.8
KS;Kansas;2005;56.1;2.0
KS;Kansas;2006;56.8;2.7
KS;Kansas;2007;55.3;1.2
KS;Kansas;2008;53.8;-0.3
KS;Kansas;2009;54.2;0.1
KS;Kansas;2010;54.3;0.2
KS;Kansas;2011;55.3;1.2
KS;Kansas;2012;58.2;4.1
KS;Kansas;2013;54.5;0.4
KS;Kansas;2014;53.2;-0.9
KS;Kansas;2015;55.4;1.3
KS;Kansas;2016;57.3;3.2
KS;Kansas;2017;56.9;2.8
KS;Kansas;2018;55.5;1.4
KS;Kansas;2019;53.7;-0.4
KS;Kansas;2020;54.9;0.8
IA;Iowa;1991;49.1;1.6
IA;Iowa;1992;47.6;0.1
IA;Iowa;1993;45.6;-1.9
IA;Iowa;1994;46.5;-1.0
IA;Iowa;1995;48.5;1.0
IA;Iowa;1996;45.6;-1.9
IA;Iowa;1997;46.1;-1.4
IA;Iowa;1998;50.0;2.5
IA;Iowa;1999;49.7;2.2
IA;Iowa;2000;50.7;3.2
IA;Iowa;2001;46.4;-1.1
IA;Iowa;2002;50.8;3.3
IA;Iowa;2003;47.4;-0.1
IA;Iowa;2004;48.3;0.8
IA;Iowa;2005;50.2;2.7
IA;Iowa;2006;49.8;2.3
IA;Iowa;2007;49.3;1.8
IA;Iowa;2008;46.6;-0.9
IA;Iowa;2009;46.5;-1.0
IA;Iowa;2010;48.0;0.5
IA;Iowa;2011;47.5;0.0
IA;Iowa;2012;52.6;5.1
IA;Iowa;2013;47.8;0.3
IA;Iowa;2014;44.9;-2.6
IA;Iowa;2015;47.7;0.2
IA;Iowa;2016;51.1;3.6
IA;Iowa;2017;50.8;3.3
IA;Iowa;2018;48.1;0.6
IA;Iowa;2019;46.6;-0.9
IA;Iowa;2020;48.6;1.1
IN;Indiana;1991;54.0;2.7
IN;Indiana;1992;51.5;0.2
IN;Indiana;1993;51.0;-0.3
IN;Indiana;1994;50.2;-1.1
IN;Indiana;1995;53.2;1.9
IN;Indiana;1996;49.7;-1.6
IN;Indiana;1997;50.3;-1.0
IN;Indiana;1998;54.0;2.7
IN;Indiana;1999;53.4;2.1
IN;Indiana;2000;53.0;1.7
IN;Indiana;2001;51.2;-0.1
IN;Indiana;2002;54.4;3.1
IN;Indiana;2003;50.4;-0.9
IN;Indiana;2004;52.3;1.0
IN;Indiana;2005;53.3;2.0
IN;Indiana;2006;52.9;1.6
IN;Indiana;2007;53.1;1.8
IN;Indiana;2008;52.0;0.7
IN;Indiana;2009;51.0;-0.3
IN;Indiana;2010;52.9;1.6
IN;Indiana;2011;51.9;0.6
IN;Indiana;2012;55.7;4.4
IN;Indiana;2013;51.8;0.5
IN;Indiana;2014;49.3;-2.0
IN;Indiana;2015;50.6;-0.7
IN;Indiana;2016;54.9;3.6
IN;Indiana;2017;54.5;3.2
IN;Indiana;2018;52.8;1.5
IN;Indiana;2019;52.3;1.0
IN;Indiana;2020;52.9;1.6
IL;Illinois;1991;54.0;2.4
IL;Illinois;1992;52.0;0.4
IL;Illinois;1993;51.0;-0.6
IL;Illinois;1994;50.7;-0.9
IL;Illinois;1995;53.2;1.6
IL;Illinois;1996;50.0;-1.6
IL;Illinois;1997;50.5;-1.1
IL;Illinois;1998;54.2;2.6
IL;Illinois;1999;53.7;2.1
IL;Illinois;2000;54.0;2.4
IL;Illinois;2001;51.3;-0.3
IL;Illinois;2002;54.5;2.9
IL;Illinois;2003;51.0;-0.6
IL;Illinois;2004;52.7;1.1
IL;Illinois;2005;54.2;2.6
IL;Illinois;2006;53.6;2.0
IL;Illinois;2007;53.6;2.0
IL;Illinois;2008;51.8;0.2
IL;Illinois;2009;51.1;-0.5
IL;Illinois;2010;53.1;1.5
IL;Illinois;2011;52.1;0.5
IL;Illinois;2012;56.3;4.7
IL;Illinois;2013;52.0;0.4
IL;Illinois;2014;49.2;-2.4
IL;Illinois;2015;51.1;-0.5
IL;Illinois;2016;55.3;3.7
IL;Illinois;2017;55.0;3.4
IL;Illinois;2018;52.9;1.3
IL;Illinois;2019;52.0;0.4
IL;Illinois;2020;52.8;1.2
ID;Idaho;1991;42.5;-0.1
ID;Idaho;1992;45.3;2.7
ID;Idaho;1993;40.8;-1.8
ID;Idaho;1994;44.7;2.1
ID;Idaho;1995;42.6;0.0
ID;Idaho;1996;43.4;0.8
ID;Idaho;1997;43.4;0.8
ID;Idaho;1998;44.3;1.7
ID;Idaho;1999;42.7;0.1
ID;Idaho;2000;45.3;2.7
ID;Idaho;2001;43.5;0.9
ID;Idaho;2002;43.0;0.4
ID;Idaho;2003;45.2;2.6
ID;Idaho;2004;44.1;1.5
ID;Idaho;2005;44.0;1.4
ID;Idaho;2006;44.1;1.5
ID;Idaho;2007;44.9;2.3
ID;Idaho;2008;42.2;-0.4
ID;Idaho;2009;43.8;1.2
ID;Idaho;2010;42.3;-0.3
ID;Idaho;2011;42.7;0.1
ID;Idaho;2012;44.7;2.1
ID;Idaho;2013;44.4;1.8
ID;Idaho;2014;44.1;1.5
ID;Idaho;2015;46.7;4.1
ID;Idaho;2016;45.2;2.6
ID;Idaho;2017;44.4;1.8
ID;Idaho;2018;44.7;2.1
ID;Idaho;2019;43.2;0.6
ID;Idaho;2020;43.8;1.2
GA;Georgia;1991;65.1;1.7
GA;Georgia;1992;63.0;-0.4
GA;Georgia;1993;63.3;-0.1
GA;Georgia;1994;62.8;-0.6
GA;Georgia;1995;64.4;1.0
GA;Georgia;1996;62.4;-1.0
GA;Georgia;1997;63.4;0.0
GA;Georgia;1998;64.3;0.9
GA;Georgia;1999;65.3;1.9
GA;Georgia;2000;64.4;1.0
GA;Georgia;2001;62.6;-0.8
GA;Georgia;2002;65.0;1.6
GA;Georgia;2003;63.2;-0.2
GA;Georgia;2004;63.6;0.2
GA;Georgia;2005;64.2;0.8
GA;Georgia;2006;64.5;1.1
GA;Georgia;2007;64.3;0.9
GA;Georgia;2008;64.3;0.9
GA;Georgia;2009;63.4;0.0
GA;Georgia;2010;63.5;0.1
GA;Georgia;2011;63.8;0.4
GA;Georgia;2012;65.5;2.1
GA;Georgia;2013;63.4;0.0
GA;Georgia;2014;63.2;-0.2
GA;Georgia;2015;63.9;0.5
GA;Georgia;2016;66.3;2.9
GA;Georgia;2017;66.3;2.9
GA;Georgia;2018;65.2;1.8
GA;Georgia;2019;66.0;2.6
GA;Georgia;2020;65.6;2.2
FL;Florida;1991;72.3;2.2
FL;Florida;1992;70.2;0.1
FL;Florida;1993;70.6;0.5
FL;Florida;1994;70.7;0.6
FL;Florida;1995;71.6;1.5
FL;Florida;1996;69.7;-0.4
FL;Florida;1997;71.3;1.2
FL;Florida;1998;71.3;1.2
FL;Florida;1999;72.1;2.0
FL;Florida;2000;71.2;1.1
FL;Florida;2001;69.9;-0.2
FL;Florida;2002;71.9;1.8
FL;Florida;2003;70.7;0.6
FL;Florida;2004;70.7;0.6
FL;Florida;2005;71.0;0.9
FL;Florida;2006;71.2;1.1
FL;Florida;2007;71.3;1.2
FL;Florida;2008;71.7;1.6
FL;Florida;2009;70.6;0.5
FL;Florida;2010;70.4;0.3
FL;Florida;2011;70.6;0.5
FL;Florida;2012;72.1;2.0
FL;Florida;2013;71.0;0.9
FL;Florida;2014;71.5;1.4
FL;Florida;2015;71.6;1.5
FL;Florida;2016;73.2;3.1
FL;Florida;2017;73.1;3.0
FL;Florida;2018;72.2;2.1
FL;Florida;2019;73.0;2.9
FL;Florida;2020;73.3;3.2
DE;Delaware;1991;57.6;3.4
DE;Delaware;1992;54.4;0.2
DE;Delaware;1993;54.9;0.7
DE;Delaware;1994;54.2;0.0
DE;Delaware;1995;56.1;1.9
DE;Delaware;1996;53.7;-0.5
DE;Delaware;1997;54.7;0.5
DE;Delaware;1998;56.9;2.7
DE;Delaware;1999;56.4;2.2
DE;Delaware;2000;55.9;1.7
DE;Delaware;2001;54.4;0.2
DE;Delaware;2002;58.3;4.1
DE;Delaware;2003;54.1;-0.1
DE;Delaware;2004;55.9;1.7
DE;Delaware;2005;55.7;1.5
DE;Delaware;2006;56.8;2.6
DE;Delaware;2007;56.4;2.2
DE;Delaware;2008;56.9;2.7
DE;Delaware;2009;55.3;1.1
DE;Delaware;2010;57.2;3.0
DE;Delaware;2011;56.3;2.1
DE;Delaware;2012;58.8;4.6
DE;Delaware;2013;56.0;1.8
DE;Delaware;2014;54.7;0.5
DE;Delaware;2015;55.3;1.1
DE;Delaware;2016;58.2;4.0
DE;Delaware;2017;57.8;3.6
DE;Delaware;2018;57.0;2.8
DE;Delaware;2019;57.7;3.5
DE;Delaware;2020;57.5;3.3
CT;Connecticut;1991;51.6;3.6
CT;Connecticut;1992;48.5;0.5
CT;Connecticut;1993;48.5;0.5
CT;Connecticut;1994;47.9;-0.1
CT;Connecticut;1995;50.1;2.1
CT;Connecticut;1996;47.9;-0.1
CT;Connecticut;1997;48.9;0.9
CT;Connecticut;1998;50.8;2.8
CT;Connecticut;1999;50.9;2.9
CT;Connecticut;2000;49.5;1.5
CT;Connecticut;2001;48.8;0.8
CT;Connecticut;2002;51.8;3.8
CT;Connecticut;2003;47.6;-0.4
CT;Connecticut;2004;48.9;0.9
CT;Connecticut;2005;49.4;1.4
CT;Connecticut;2006;50.2;2.2
CT;Connecticut;2007;50.2;2.2
CT;Connecticut;2008;50.1;2.1
CT;Connecticut;2009;48.6;0.6
CT;Connecticut;2010;51.6;3.6
CT;Connecticut;2011;49.8;1.8
CT;Connecticut;2012;53.0;5.0
CT;Connecticut;2013;50.3;2.3
CT;Connecticut;2014;48.3;0.3
CT;Connecticut;2015;48.9;0.9
CT;Connecticut;2016;52.7;4.7
CT;Connecticut;2017;51.0;3.0
CT;Connecticut;2018;51.0;3.0
CT;Connecticut;2019;49.9;1.9
CT;Connecticut;2020;51.2;3.2
CO;Colorado;1991;45.0;0.4
CO;Colorado;1992;45.6;1.0
CO;Colorado;1993;43.7;-0.9
CO;Colorado;1994;46.0;1.4
CO;Colorado;1995;45.2;0.6
CO;Colorado;1996;46.2;1.6
CO;Colorado;1997;45.3;0.7
CO;Colorado;1998;45.6;1.0
CO;Colorado;1999;46.1;1.5
CO;Colorado;2000;48.4;3.8
CO;Colorado;2001;45.9;1.3
CO;Colorado;2002;46.7;2.1
CO;Colorado;2003;46.3;1.7
CO;Colorado;2004;46.2;1.6
CO;Colorado;2005;46.5;1.9
CO;Colorado;2006;46.8;2.2
CO;Colorado;2007;46.1;1.5
CO;Colorado;2008;44.7;0.1
CO;Colorado;2009;46.2;1.6
CO;Colorado;2010;44.9;0.3
CO;Colorado;2011;46.1;1.5
CO;Colorado;2012;47.9;3.3
CO;Colorado;2013;45.8;1.2
CO;Colorado;2014;45.4;0.8
CO;Colorado;2015;47.4;2.8
CO;Colorado;2016;46.8;2.2
CO;Colorado;2017;47.8;3.2
CO;Colorado;2018;48.3;3.7
CO;Colorado;2019;45.2;0.6
CO;Colorado;2020;46.6;2.0
CA;California;1991;57.3;-0.1
CA;California;1992;59.9;2.5
CA;California;1993;57.6;0.2
CA;California;1994;58.8;1.4
CA;California;1995;57.2;-0.2
CA;California;1996;60.3;2.9
CA;California;1997;59.4;2.0
CA;California;1998;57.1;-0.3
CA;California;1999;56.8;-0.6
CA;California;2000;59.7;2.3
CA;California;2001;58.5;1.1
CA;California;2002;59.0;1.6
CA;California;2003;59.4;2.0
CA;California;2004;59.3;1.9
CA;California;2005;57.9;0.5
CA;California;2006;59.0;1.6
CA;California;2007;59.0;1.6
CA;California;2008;58.5;1.1
CA;California;2009;59.4;2.0
CA;California;2010;57.4;0.0
CA;California;2011;57.6;0.2
CA;California;2012;59.1;1.7
CA;California;2013;59.6;2.2
CA;California;2014;60.6;3.2
CA;California;2015;61.5;4.1
CA;California;2016;60.0;2.6
CA;California;2017;59.8;2.4
CA;California;2018;60.5;3.1
CA;California;2019;58.6;1.2
CA;California;2020;60.0;2.6
AR;Arkansas;1991;61.4;1.0
AR;Arkansas;1992;60.1;-0.3
AR;Arkansas;1993;59.7;-0.7
AR;Arkansas;1994;59.2;-1.2
AR;Arkansas;1995;61.3;0.9
AR;Arkansas;1996;59.4;-1.0
AR;Arkansas;1997;60.0;-0.4
AR;Arkansas;1998;62.0;1.6
AR;Arkansas;1999;62.1;1.7
AR;Arkansas;2000;62.5;2.1
AR;Arkansas;2001;59.8;-0.6
AR;Arkansas;2002;61.3;0.9
AR;Arkansas;2003;59.6;-0.8
AR;Arkansas;2004;60.9;0.5
AR;Arkansas;2005;62.4;2.0
AR;Arkansas;2006;61.9;1.5
AR;Arkansas;2007;61.5;1.1
AR;Arkansas;2008;60.7;0.3
AR;Arkansas;2009;60.0;-0.4
AR;Arkansas;2010;60.8;0.4
AR;Arkansas;2011;61.5;1.1
AR;Arkansas;2012;63.7;3.3
AR;Arkansas;2013;60.2;-0.2
AR;Arkansas;2014;58.4;-2.0
AR;Arkansas;2015;60.1;-0.3
AR;Arkansas;2016;63.0;2.6
AR;Arkansas;2017;63.1;2.7
AR;Arkansas;2018;61.7;1.3
AR;Arkansas;2019;61.2;0.8
AR;Arkansas;2020;60.9;0.5
AZ;Arizona;1991;58.8;-0.6
AZ;Arizona;1992;60.2;0.8
AZ;Arizona;1993;59.6;0.2
AZ;Arizona;1994;60.7;1.3
AZ;Arizona;1995;59.8;0.4
AZ;Arizona;1996;62.4;3.0
AZ;Arizona;1997;61.0;1.6
AZ;Arizona;1998;59.0;-0.4
AZ;Arizona;1999;60.2;0.8
AZ;Arizona;2000;62.7;3.3
AZ;Arizona;2001;60.4;1.0
AZ;Arizona;2002;61.6;2.2
AZ;Arizona;2003;61.3;1.9
AZ;Arizona;2004;61.2;1.8
AZ;Arizona;2005;60.4;1.0
AZ;Arizona;2006;61.5;2.1
AZ;Arizona;2007;61.4;2.0
AZ;Arizona;2008;60.5;1.1
AZ;Arizona;2009;61.7;2.3
AZ;Arizona;2010;59.9;0.5
AZ;Arizona;2011;60.8;1.4
AZ;Arizona;2012;61.4;2.0
AZ;Arizona;2013;61.2;1.8
AZ;Arizona;2014;61.5;2.1
AZ;Arizona;2015;62.3;2.9
AZ;Arizona;2016;61.3;1.9
AZ;Arizona;2017;62.6;3.2
AZ;Arizona;2018;63.7;4.3
AZ;Arizona;2019;60.1;0.7
AZ;Arizona;2020;62.0;2.6
AK;Alaska;1991;26.2;0.2
AK;Alaska;1992;25.2;-0.8
AK;Alaska;1993;28.3;2.3
AK;Alaska;1994;28.3;2.3
AK;Alaska;1995;27.0;1.0
AK;Alaska;1996;26.1;0.1
AK;Alaska;1997;27.1;1.1
AK;Alaska;1998;28.1;2.1
AK;Alaska;1999;25.5;-0.5
AK;Alaska;2000;25.9;-0.1
AK;Alaska;2001;29.4;3.4
AK;Alaska;2002;27.0;1.0
AK;Alaska;2003;30.6;4.6
AK;Alaska;2004;29.0;3.0
AK;Alaska;2005;29.9;3.9
AK;Alaska;2006;26.4;0.4
AK;Alaska;2007;27.5;1.5
AK;Alaska;2008;26.6;0.6
AK;Alaska;2009;25.6;-0.4
AK;Alaska;2010;27.9;1.9
AK;Alaska;2011;27.1;1.1
AK;Alaska;2012;25.2;-0.8
AK;Alaska;2013;25.8;-0.2
AK;Alaska;2014;29.9;3.9
AK;Alaska;2015;30.3;4.3
AK;Alaska;2016;32.5;6.5
AK;Alaska;2017;28.0;2.0
AK;Alaska;2018;30.7;4.7
AK;Alaska;2019;32.6;6.6
AK;Alaska;2020;27.8;1.8
AL;Alabama;1991;64.5;1.4
AL;Alabama;1992;62.4;-0.7
AL;Alabama;1993;62.5;-0.6
AL;Alabama;1994;62.0;-1.1
AL;Alabama;1995;64.2;1.1
AL;Alabama;1996;61.6;-1.5
AL;Alabama;1997;62.9;-0.2
AL;Alabama;1998;63.6;0.5
AL;Alabama;1999;64.9;1.8
AL;Alabama;2000;64.4;1.3
AL;Alabama;2001;61.9;-1.2
AL;Alabama;2002;64.1;1.0
AL;Alabama;2003;62.6;-0.5
AL;Alabama;2004;62.9;-0.2
AL;Alabama;2005;64.1;1.0
AL;Alabama;2006;64.1;1.0
AL;Alabama;2007;63.8;0.7
AL;Alabama;2008;63.7;0.6
AL;Alabama;2009;63.1;0.0
AL;Alabama;2010;62.8;-0.3
AL;Alabama;2011;63.4;0.3
AL;Alabama;2012;65.0;1.9
AL;Alabama;2013;62.6;-0.5
AL;Alabama;2014;62.1;-1.0
AL;Alabama;2015;63.1;0.0
AL;Alabama;2016;65.7;2.6
AL;Alabama;2017;65.7;2.6
AL;Alabama;2018;64.6;1.5
AL;Alabama;2019;65.1;2.0
AL;Alabama;2020;64.7;1.6
